-- Data For dim_time Table

INSERT INTO dim_time (time_key, date, day_of_week, month, quarter, year, holiday_flag)
VALUES
(1, '2024-01-01', 'Sunday', 'January', 'Q1', 2024, 1),
(2, '2024-01-02', 'Monday', 'January', 'Q1', 2024, 0),
(3, '2024-01-03', 'Tuesday', 'January', 'Q1', 2024, 0),
(4, '2024-01-04', 'Wednesday', 'January', 'Q1', 2024, 0),
(5, '2024-01-05', 'Thursday', 'January', 'Q1', 2024, 0),
(6, '2024-01-06', 'Friday', 'January', 'Q1', 2024, 0),
(7, '2024-01-07', 'Saturday', 'January', 'Q1', 2024, 0),
(8, '2024-01-08', 'Sunday', 'January', 'Q1', 2024, 0),
(9, '2024-01-09', 'Monday', 'January', 'Q1', 2024, 0),
(10, '2024-01-10', 'Tuesday', 'January', 'Q1', 2024, 0),
(11, '2024-01-11', 'Wednesday', 'January', 'Q1', 2024, 0),
(12, '2024-01-12', 'Thursday', 'January', 'Q1', 2024, 0),
(13, '2024-01-13', 'Friday', 'January', 'Q1', 2024, 0),
(14, '2024-01-14', 'Saturday', 'January', 'Q1', 2024, 0),
(15, '2024-01-15', 'Sunday', 'January', 'Q1', 2024, 0),
(16, '2024-01-16', 'Monday', 'January', 'Q1', 2024, 0),
(17, '2024-01-17', 'Tuesday', 'January', 'Q1', 2024, 0),
(18, '2024-01-18', 'Wednesday', 'January', 'Q1', 2024, 0),
(19, '2024-01-19', 'Thursday', 'January', 'Q1', 2024, 0),
(20, '2024-01-20', 'Friday', 'January', 'Q1', 2024, 0),
(21, '2024-01-21', 'Saturday', 'January', 'Q1', 2024, 0),
(22, '2024-01-22', 'Sunday', 'January', 'Q1', 2024, 0),
(23, '2024-01-23', 'Monday', 'January', 'Q1', 2024, 0),
(24, '2024-01-24', 'Tuesday', 'January', 'Q1', 2024, 0),
(25, '2024-01-25', 'Wednesday', 'January', 'Q1', 2024, 0),
(26, '2024-01-26', 'Thursday', 'January', 'Q1', 2024, 1), -- Republic Day
(27, '2024-01-27', 'Friday', 'January', 'Q1', 2024, 0),
(28, '2024-01-28', 'Saturday', 'January', 'Q1', 2024, 0),
(29, '2024-01-29', 'Sunday', 'January', 'Q1', 2024, 0),
(30, '2024-01-30', 'Monday', 'January', 'Q1', 2024, 0);


-- Data For dim_patient Table

INSERT INTO dim_patient (patient_key, patient_name, age, gender, blood_type, medical_history)
VALUES
(1, 'Ramesh Kumar', 45, 'Male', 'O+', 'Hypertension, Diabetes'),
(2, 'Sneha Sharma', 28, 'Female', 'A-', 'None'),
(3, 'Anil Kapoor', 60, 'Male', 'AB+', 'Heart disease, Hypertension'),
(4, 'Priya Singh', 35, 'Female', 'B+', 'Asthma'),
(5, 'Rajesh Patel', 50, 'Male', 'O-', 'Diabetes, Arthritis'),
(6, 'Pooja Gupta', 22, 'Female', 'O+', 'None'),
(7, 'Sanjay Verma', 40, 'Male', 'A+', 'None'),
(8, 'Amita Tiwari', 55, 'Female', 'B-', 'Thyroid, Hypertension'),
(9, 'Suresh Singhania', 32, 'Male', 'AB+', 'None'),
(10, 'Rekha Sharma', 48, 'Female', 'O-', 'Hypertension'),
(11, 'Ajay Kumar', 25, 'Male', 'O+', 'None'),
(12, 'Nisha Agarwal', 38, 'Female', 'A-', 'None'),
(13, 'Vivek Reddy', 42, 'Male', 'B+', 'Diabetes, Heart disease'),
(14, 'Neetu Gupta', 30, 'Female', 'AB+', 'None'),
(15, 'Rajat Choudhary', 57, 'Male', 'A+', 'Diabetes, Hypertension'),
(16, 'Deepika Singh', 33, 'Female', 'O-', 'None'),
(17, 'Alok Sharma', 47, 'Male', 'B-', 'None'),
(18, 'Sakshi Malhotra', 29, 'Female', 'O+', 'Thyroid'),
(19, 'Arun Kumar', 63, 'Male', 'AB+', 'Diabetes, Heart disease, Hypertension'),
(20, 'Sunita Mehta', 36, 'Female', 'A+', 'None'),
(21, 'Vinay Gupta', 51, 'Male', 'O-', 'Hypertension'),
(22, 'Kavita Singh', 27, 'Female', 'AB+', 'None'),
(23, 'Rahul Tiwari', 44, 'Male', 'B+', 'Diabetes'),
(24, 'Meera Sharma', 31, 'Female', 'O+', 'None'),
(25, 'Vikas Kapoor', 56, 'Male', 'A-', 'Hypertension, Arthritis'),
(26, 'Shikha Verma', 39, 'Female', 'AB+', 'None'),
(27, 'Anuj Patel', 53, 'Male', 'O+', 'Diabetes, Heart disease'),
(28, 'Preeti Jain', 34, 'Female', 'B-', 'None'),
(29, 'Rajesh Khanna', 49, 'Male', 'AB+', 'Hypertension, Asthma'),
(30, 'Neha Gupta', 26, 'Female', 'O-', 'None');

-- Data For dim_doctor Table

INSERT INTO dim_doctor (doctor_key, doctor_name, specialization, hospital, experience_years, contact_number)
VALUES
(1, 'Dr. Mohan Sharma', 'Cardiologist', 'Apollo Hospitals', 15, '+91 9876543210'),
(2, 'Dr. Nidhi Singh', 'Dermatologist', 'Fortis Hospital', 10, '+91 9876543211'),
(3, 'Dr. Rahul Verma', 'Orthopedic Surgeon', 'Max Hospital', 12, '+91 9876543212'),
(4, 'Dr. Priya Gupta', 'Gynecologist', 'Columbia Asia Hospital', 8, '+91 9876543213'),
(5, 'Dr. Amit Kumar', 'Neurologist', 'Medanta Hospital', 20, '+91 9876543214'),
(6, 'Dr. Sunita Reddy', 'Oncologist', 'Apollo Hospitals', 18, '+91 9876543215'),
(7, 'Dr. Anil Tiwari', 'ENT Specialist', 'Fortis Hospital', 14, '+91 9876543216'),
(8, 'Dr. Reena Patel', 'Pediatrician', 'Max Hospital', 9, '+91 9876543217'),
(9, 'Dr. Vikas Singh', 'Urologist', 'Columbia Asia Hospital', 16, '+91 9876543218'),
(10, 'Dr. Neha Gupta', 'Psychiatrist', 'Medanta Hospital', 11, '+91 9876543219'),
(11, 'Dr. Rohan Verma', 'Ophthalmologist', 'Apollo Hospitals', 13, '+91 9876543220'),
(12, 'Dr. Pooja Sharma', 'Dentist', 'Fortis Hospital', 7, '+91 9876543221'),
(13, 'Dr. Rajesh Kumar', 'Endocrinologist', 'Max Hospital', 19, '+91 9876543222'),
(14, 'Dr. Ananya Singh', 'General Surgeon', 'Columbia Asia Hospital', 15, '+91 9876543223'),
(15, 'Dr. Arjun Gupta', 'Pulmonologist', 'Medanta Hospital', 10, '+91 9876543224'),
(16, 'Dr. Ritu Sharma', 'Rheumatologist', 'Apollo Hospitals', 14, '+91 9876543225'),
(17, 'Dr. Sanjay Verma', 'Dermatologist', 'Fortis Hospital', 12, '+91 9876543226'),
(18, 'Dr. Nisha Patel', 'Cardiologist', 'Max Hospital', 16, '+91 9876543227'),
(19, 'Dr. Ashish Singh', 'Orthopedic Surgeon', 'Columbia Asia Hospital', 11, '+91 9876543228'),
(20, 'Dr. Priyanka Tiwari', 'Gynecologist', 'Medanta Hospital', 20, '+91 9876543229'),
(21, 'Dr. Ankit Gupta', 'Neurologist', 'Apollo Hospitals', 17, '+91 9876543230'),
(22, 'Dr. Ruchi Verma', 'Oncologist', 'Fortis Hospital', 9, '+91 9876543231'),
(23, 'Dr. Mohit Patel', 'ENT Specialist', 'Max Hospital', 13, '+91 9876543232'),
(24, 'Dr. Preeti Sharma', 'Pediatrician', 'Columbia Asia Hospital', 8, '+91 9876543233'),
(25, 'Dr. Kartik Singh', 'Urologist', 'Medanta Hospital', 15, '+91 9876543234'),
(26, 'Dr. Sonal Gupta', 'Psychiatrist', 'Apollo Hospitals', 18, '+91 9876543235'),
(27, 'Dr. Anjali Verma', 'Ophthalmologist', 'Fortis Hospital', 10, '+91 9876543236'),
(28, 'Dr. Rohit Kumar', 'Dentist', 'Max Hospital', 14, '+91 9876543237'),
(29, 'Dr. Tanvi Singh', 'Endocrinologist', 'Columbia Asia Hospital', 12, '+91 9876543238'),
(30, 'Dr. Rahul Gupta', 'General Surgeon', 'Medanta Hospital', 19, '+91 9876543239');

-- Data For dim_medical_facility Table

INSERT INTO dim_medical_facility (facility_key, facility_name, city, country, type)
VALUES
(1, 'Apollo Hospitals', 'Chennai', 'India', 'Hospital'),
(2, 'Fortis Hospital', 'Mumbai', 'India', 'Hospital'),
(3, 'Max Hospital', 'Delhi', 'India', 'Hospital'),
(4, 'Columbia Asia Hospital', 'Bangalore', 'India', 'Hospital'),
(5, 'Medanta - The Medicity', 'Gurgaon', 'India', 'Hospital'),
(6, 'AIIMS', 'New Delhi', 'India', 'Hospital'),
(7, 'Tata Memorial Hospital', 'Mumbai', 'India', 'Hospital'),
(8, 'Artemis Hospital', 'Gurgaon', 'India', 'Hospital'),
(9, 'Nanavati Hospital', 'Mumbai', 'India', 'Hospital'),
(10, 'Lilavati Hospital', 'Mumbai', 'India', 'Hospital'),
(11, 'Kokilaben Dhirubhai Ambani Hospital', 'Mumbai', 'India', 'Hospital'),
(12, 'Sir Ganga Ram Hospital', 'Delhi', 'India', 'Hospital'),
(13, 'Wockhardt Hospitals', 'Mumbai', 'India', 'Hospital'),
(14, 'Fortis Memorial Research Institute', 'Gurgaon', 'India', 'Hospital'),
(15, 'Aster Medcity', 'Kochi', 'India', 'Hospital'),
(16, 'CARE Hospitals', 'Hyderabad', 'India', 'Hospital'),
(17, 'Asian Heart Institute', 'Mumbai', 'India', 'Hospital'),
(18, 'Manipal Hospitals', 'Bangalore', 'India', 'Hospital'),
(19, 'Sir H.N. Reliance Foundation Hospital and Research Centre', 'Mumbai', 'India', 'Hospital'),
(20, 'Sri Ramachandra Medical Centre', 'Chennai', 'India', 'Hospital'),
(21, 'Fortis Escorts Heart Institute', 'Delhi', 'India', 'Hospital'),
(22, 'Narayana Health', 'Bangalore', 'India', 'Hospital'),
(23, 'Hinduja Hospital', 'Mumbai', 'India', 'Hospital'),
(24, 'Breach Candy Hospital', 'Mumbai', 'India', 'Hospital'),
(25, 'Global Hospitals', 'Chennai', 'India', 'Hospital'),
(26, 'KIMS Hospitals', 'Hyderabad', 'India', 'Hospital'),
(27, 'MGM Healthcare', 'Chennai', 'India', 'Hospital'),
(28, 'Jaslok Hospital', 'Mumbai', 'India', 'Hospital'),
(29, 'Ruby Hall Clinic', 'Pune', 'India', 'Hospital'),
(30, 'Kerala Institute of Medical Sciences (KIMS)', 'Thiruvananthapuram', 'India', 'Hospital');

-- Data For fact_appointment Table

INSERT INTO fact_appointment (appointment_key, time_key, patient_key, doctor_key, facility_key, appointment_type, appointment_date, appointment_duration)
VALUES
(1, 1, 1, 1, 1, 'Cardiology Consultation', '2024-01-01', 60),
(2, 2, 2, 2, 2, 'Dermatology Appointment', '2024-01-02', 30),
(3, 3, 3, 3, 3, 'Orthopedic Checkup', '2024-01-03', 45),
(4, 4, 4, 4, 4, 'Gynecology Consultation', '2024-01-04', 30),
(5, 5, 5, 5, 5, 'Neurology Appointment', '2024-01-05', 60),
(6, 6, 6, 6, 1, 'Oncology Consultation', '2024-01-06', 60),
(7, 7, 7, 7, 2, 'ENT Checkup', '2024-01-07', 30),
(8, 8, 8, 8, 3, 'Pediatric Appointment', '2024-01-08', 45),
(9, 9, 9, 9, 4, 'Urology Consultation', '2024-01-09', 30),
(10, 10, 10, 10, 5, 'Psychiatry Session', '2024-01-10', 60),
(11, 11, 11, 11, 1, 'Ophthalmology Appointment', '2024-01-11', 30),
(12, 12, 12, 12, 2, 'Dental Checkup', '2024-01-12', 45),
(13, 13, 13, 13, 3, 'Endocrinology Consultation', '2024-01-13', 30),
(14, 14, 14, 14, 4, 'General Surgery Appointment', '2024-01-14', 60),
(15, 15, 15, 15, 5, 'Pulmonology Consultation', '2024-01-15', 45),
(16, 16, 16, 16, 1, 'Rheumatology Appointment', '2024-01-16', 30),
(17, 17, 17, 17, 2, 'Dermatology Checkup', '2024-01-17', 60),
(18, 18, 18, 18, 3, 'Cardiology Consultation', '2024-01-18', 45),
(19, 19, 19, 19, 4, 'Orthopedic Checkup', '2024-01-19', 30),
(20, 20, 20, 20, 5, 'Gynecology Consultation', '2024-01-20', 60),
(21, 21, 21, 21, 1, 'Neurology Appointment', '2024-01-21', 45),
(22, 22, 22, 22, 2, 'Oncology Consultation', '2024-01-22', 30),
(23, 23, 23, 23, 3, 'ENT Checkup', '2024-01-23', 60),
(24, 24, 24, 24, 4, 'Pediatric Appointment', '2024-01-24', 45),
(25, 25, 25, 25, 5, 'Urology Consultation', '2024-01-25', 30),
(26, 26, 26, 26, 1, 'Psychiatry Session', '2024-01-26', 60),
(27, 27, 27, 27, 2, 'Ophthalmology Appointment', '2024-01-27', 45),
(28, 28, 28, 28, 3, 'Dental Checkup', '2024-01-28', 30),
(29, 29, 29, 29, 4, 'Endocrinology Consultation', '2024-01-29', 60),
(30, 30, 30, 30, 5, 'General Surgery Appointment', '2024-01-30', 45);
